{"cameraMode":{"drawMode":0,"name":"Shaded","section":"Shading Mode"},"sceneLighting":false,"audioPlay":false,"sceneViewState":{"showFog":true,"showMaterialUpdate":false,"showSkybox":false,"showFlares":true,"showImageEffects":true,"showParticleSystems":true},"in2DMode":false,"pivot":{"x":-35.226497650146487,"y":-10.777446746826172,"z":-5.065130710601807},"rotation":{"x":-0.18328295648097993,"y":0.7883434295654297,"z":-0.27956366539001467,"w":-0.5167243480682373},"size":21.711565017700197,"orthographic":false}