{"cameraMode":{"drawMode":0,"name":"Shaded","section":"Shading Mode"},"sceneLighting":false,"audioPlay":false,"sceneViewState":{"showFog":true,"showMaterialUpdate":false,"showSkybox":false,"showFlares":true,"showImageEffects":true,"showParticleSystems":true},"in2DMode":false,"pivot":{"x":0.01872563362121582,"y":12.435938835144043,"z":8.489045143127442},"rotation":{"x":0.031597498804330829,"y":0.7860878705978394,"z":-0.040401529520750049,"w":0.6161468625068665},"size":0.9841393828392029,"orthographic":false}