{"cameraMode":{"drawMode":0,"name":"Shaded","section":"Shading Mode"},"sceneLighting":false,"audioPlay":false,"sceneViewState":{"showFog":true,"showMaterialUpdate":false,"showSkybox":false,"showFlares":true,"showImageEffects":true,"showParticleSystems":true},"in2DMode":false,"pivot":{"x":-0.7242328524589539,"y":13.797804832458496,"z":9.260265350341797},"rotation":{"x":0.0004205844015814364,"y":0.9899166226387024,"z":-0.0032813958823680879,"w":0.1423196941614151},"size":1.2606595754623414,"orthographic":false}