{"cameraMode":{"drawMode":0,"name":"Shaded","section":"Shading Mode"},"sceneLighting":false,"audioPlay":false,"sceneViewState":{"showFog":true,"showMaterialUpdate":false,"showSkybox":false,"showFlares":true,"showImageEffects":true,"showParticleSystems":true},"in2DMode":false,"pivot":{"x":-18.63347816467285,"y":-18.69850730895996,"z":-18.787954330444337},"rotation":{"x":-0.12149941176176071,"y":0.876325249671936,"z":-0.36206328868865969,"w":-0.29401111602783205},"size":26.246267318725587,"orthographic":false}